{
  "BM25": {
    "node_counts": [
      100,
      500,
      1000,
      2000,
      5000,
      10000
    ],
    "response_times": [
      1.4781951904296875e-06,
      1.430511474609375e-06,
      2.1616617838541666e-06,
      1.8596649169921875e-06,
      2.0503997802734374e-06,
      1.9073486328125e-06
    ],
    "complexity": "O(log n)",
    "complexity_exponent": 0.07174102206576388
  },
  "Vector": {
    "node_counts": [
      100,
      500,
      1000,
      2000,
      5000,
      10000
    ],
    "response_times": [
      3.1948089599609376e-06,
      2.86102294921875e-06,
      2.4318695068359373e-06,
      2.845128377278646e-06,
      2.797444661458333e-06,
      2.702077229817708e-06
    ],
    "complexity": "O(log n)",
    "complexity_exponent": -0.028337194625248682
  },
  "ContextualForget": {
    "node_counts": [
      100,
      500,
      1000,
      2000,
      5000,
      10000
    ],
    "response_times": [
      2.0186106363932288e-06,
      2.209345499674479e-06,
      2.1616617838541666e-06,
      1.796086629231771e-06,
      1.8437703450520831e-06,
      2.113978068033854e-06
    ],
    "complexity": "O(log n)",
    "complexity_exponent": -0.013290856401119348
  },
  "Hybrid": {
    "node_counts": [
      100,
      500,
      1000,
      2000,
      5000,
      10000
    ],
    "response_times": [
      9.449323018391927e-05,
      0.00016876856486002602,
      0.0002426465352376302,
      0.0004202683766682942,
      0.0009723981221516928,
      0.0019317785898844398
    ],
    "complexity": "O(n)",
    "complexity_exponent": 0.6623179215765286
  }
}